3V3,19.87,97.59,0.00,TPTP20R,TP20R
BOOT_BUTTON,24.00,108.00,180.00,BUTTON_CUSYOMV1BUTTON,MYBUTTON
C1,139.55,55.63,0.00,100nF,ESP32_WROVER_EAGLE-LTSPICE_C0402
C10,52.75,107.63,270.00,100nF,EAGLE-LTSPICE_C0402
C10_SUPERCAP,95.49,49.84,270.00,CPH3225A,CAPCP3225X100N
C1_BAT,119.04,54.15,0.00,4.7uF,EAGLE-LTSPICE_C0402
C1_BAT1,118.68,61.47,180.00,4.7uF,EAGLE-LTSPICE_C0402
C1_BAT2,60.42,94.37,0.00,4.7uF,EAGLE-LTSPICE_C0402
C2,139.53,49.03,0.00,100nF,ESP32_WROVER_EAGLE-LTSPICE_C0402
C2_BAT,123.95,52.25,0.00,4.7uF,EAGLE-LTSPICE_C0402
C3,60.41,98.50,0.00,"100uF TANT",RCL_CT3528
C4,84.01,29.49,0.00,4.7uF/25V,EAGLE-LTSPICE_C0402
C4_USB,144.80,49.07,180.00,100nF,EAGLE-LTSPICE_C0402
C5,67.79,107.81,270.00,1uF,EAGLE-LTSPICE_C0402
C5_USB,151.41,58.77,180.00,4.7uF,EAGLE-LTSPICE_C0402
C6,27.51,107.83,270.00,100nF,EAGLE-LTSPICE_C0402
C7,84.70,33.63,0.00,10uF,EAGLE-LTSPICE_C0402
C8,92.19,49.43,90.00,100nF,EAGLE-LTSPICE_C0402
C9,19.77,90.23,270.00,100nF,ESP32_WROVER_EAGLE-LTSPICE_C0402
CHANGE_BUTTON,49.00,108.00,180.00,BUTTON_CUSYOMV1BUTTON,MYBUTTON
CHG_LED,115.14,52.35,90.00,,ADAFRUIT_CHIP-LED0603
C_DELAY,116.77,35.89,180.00,100nF,ESP32_WROVER_EAGLE-LTSPICE_C0402
D1,150.80,52.07,180.00,USBLC6-2SC6Y,SOT95P280X145-6N
D10,36.34,44.47,90.00,PGB1010603MR,DIOC1608X36N
D11,48.32,36.17,270.00,PGB1010603MR,DIOC1608X36N
D12,45.85,36.18,270.00,PGB1010603MR,DIOC1608X36N
D2,124.54,44.08,270.00,ESP32_WROVER_AVX---SD0805S020S1R0_AVX_SD0805S020S1R0_0_0AVX_SD0805S020S1R0_0_0,ESP32_WROVER_AVX---SD0805S020S1R0_AVX_SD0805S020S1R0_0
D3,90.53,32.78,0.00,MBR0530,SOD3716X135N
D4,90.47,28.98,0.00,MBR0530,SOD3716X135N
D5,79.11,37.28,180.00,MBR0530,SOD3716X135N
D6,77.50,22.07,180.00,PGB1010603MR,DIOC1608X36N
D7,111.19,41.78,90.00,ESP32_WROVER_AVX---SD0805S020S1R0_AVX_SD0805S020S1R0_0_0AVX_SD0805S020S1R0_0_0,ESP32_WROVER_AVX---SD0805S020S1R0_AVX_SD0805S020S1R0_0
D8,6.48,99.87,0.00,PGB1010603MR,DIOC1608X36N
D9,40.96,36.17,270.00,PGB1010603MR,DIOC1608X36N
EPD_3V3,68.14,27.79,0.00,TPTP20R,TP20R
EPD_3V3_C,20.42,67.01,0.00,TPTP20R,TP20R
EPD_BUSY,9.27,77.59,0.00,TPTP20R,TP20R
EPD_C1,93.75,20.67,90.00,1uF/50V,ESP32_WROVER_EAGLE-LTSPICE_C0402
EPD_C10,82.51,20.69,90.00,1uF/50V,ESP32_WROVER_EAGLE-LTSPICE_C0402
EPD_C11,104.19,29.29,0.00,1uF/50V,ESP32_WROVER_EAGLE-LTSPICE_C0402
EPD_C12,76.75,12.69,270.00,1uF/50V,ESP32_WROVER_EAGLE-LTSPICE_C0402
EPD_C2,92.18,20.65,90.00,1uF/50V,ESP32_WROVER_EAGLE-LTSPICE_C0402
EPD_C5,90.59,20.65,90.00,1uF/50V,ESP32_WROVER_EAGLE-LTSPICE_C0402
EPD_C6,89.00,20.65,90.00,1uF/50V,ESP32_WROVER_EAGLE-LTSPICE_C0402
EPD_C7,87.38,20.65,90.00,1uF/50V,ESP32_WROVER_EAGLE-LTSPICE_C0402
EPD_C8,85.72,20.65,90.00,1uF/50V,ESP32_WROVER_EAGLE-LTSPICE_C0402
EPD_C9,84.13,20.65,90.00,1uF/50V,ESP32_WROVER_EAGLE-LTSPICE_C0402
EPD_CS,69.12,37.71,0.00,TPTP20R,TP20R
EPD_DC,12.19,30.19,0.00,TPTP20R,TP20R
EPD_RST,30.97,77.81,0.00,TPTP20R,TP20R
GND,87.97,100.79,0.00,TPTP20R,TP20R
GND1,87.89,84.39,0.00,TPTP20R,TP20R
IC1,117.57,42.07,0.00,BD5229G-TR,SOT95P280X125-5N
IC4,48.51,99.37,180.00,XC6220A331MR-G,SOT95P280X120-5N
INT_RTC,12.32,24.61,0.00,TPTP20R,TP20R
J1,87.57,13.24,0.00,FH34SRJ-24S-0.5SH_99_,FH34SRJ24S05SH99
J2,166.67,54.30,90.00,SAMACSYS_PARTS_USB4110-GF-A,SAMACSYS_PARTS_USB4110GFA
J3,167.09,19.30,90.00,QWIIC_RIGHT_ANGLE,JST04_1MM_RA
J4,8.35,88.92,270.00,112A-TAAR-R03_ATTEND,112ATAARR03ATTEND
L1,76.57,32.45,270.00,68uH,IND_4828-WE-TPC_WRE
MISO,43.21,34.99,0.00,TPTP20R,TP20R
MOSI,12.26,27.36,0.00,TPTP20R,TP20R
PFMF.050.1,149.94,41.70,180.00,ESP32C6_VARISTORCN1812,ESP32C6_VARISTOR_CT/CN1812
Q1,124.36,48.51,0.00,20V/4.2A/52mΩ/1.4W,ESP32_WROVER_SPARKFUN-DISCRETESEMI_SOT23-3
Q2,72.93,28.71,270.00,20V/4.2A/52mΩ/1.4W,ESP32_WROVER_SPARKFUN-DISCRETESEMI_SOT23-3
Q3,72.04,18.68,90.00,SI1308EDL-T1-GE3,SOT65P210X110-3N
R1,18.91,35.91,0.00,10K,ESP32_WROVER_EAGLE-LTSPICE_R0402
R1-PINH,87.28,43.97,270.00,10K,ESP32_WROVER_EAGLE-LTSPICE_R0402
R1-PINH1,84.49,62.89,90.00,10K,ESP32_WROVER_EAGLE-LTSPICE_R0402
R10,10.69,99.81,0.00,10K,ESP32_WROVER_EAGLE-LTSPICE_R0402
R1_BAT,116.96,48.05,270.00,200,ESP32_WROVER_EAGLE-LTSPICE_R0402
R1_PWRUSB,151.40,56.74,180.00,100K,ESP32_WROVER_EAGLE-LTSPICE_R0402
R2,64.97,11.81,270.00,2.2,ESP32_WROVER_EAGLE-LTSPICE_R0402
R2-PINH,88.69,43.97,270.00,10K,ESP32_WROVER_EAGLE-LTSPICE_R0402
R2-PINH1,88.03,61.89,180.00,10K,ESP32_WROVER_EAGLE-LTSPICE_R0402
R2-USB,151.39,48.13,180.00,5k1,ESP32_WROVER_EAGLE-LTSPICE_R0402
R2-USB1,151.36,46.37,0.00,5k1,ESP32_WROVER_EAGLE-LTSPICE_R0402
R2_BAT,105.18,60.63,0.00,2K,ESP32_WROVER_EAGLE-LTSPICE_R0402
R3,72.92,14.83,270.00,0.47,ESP32_WROVER_EAGLE-LTSPICE_R0402
R4,71.03,14.81,90.00,10K,ESP32_WROVER_EAGLE-LTSPICE_R0402
R5,40.95,32.51,270.00,10K,ESP32_WROVER_EAGLE-LTSPICE_R0402
R6,36.37,40.51,270.00,10K,ESP32_WROVER_EAGLE-LTSPICE_R0402
R7,48.29,32.51,270.00,10K,ESP32_WROVER_EAGLE-LTSPICE_R0402
R8,45.81,32.51,270.00,10K,ESP32_WROVER_EAGLE-LTSPICE_R0402
R9,78.53,26.81,0.00,10K,ESP32_WROVER_EAGLE-LTSPICE_R0402
RESET_BUTTON,64.00,108.00,180.00,BUTTON_CUSYOMV1BUTTON,MYBUTTON
RX,12.91,71.59,0.00,TPTP20R,TP20R
R_BOOT,20.27,107.57,90.00,10K,ESP32_WROVER_EAGLE-LTSPICE_R0402
R_CAPACITOR,111.70,39.04,0.00,15,ESP32_WROVER_EAGLE-LTSPICE_R0402
R_CHANGE,45.17,107.54,90.00,10K,ESP32_WROVER_EAGLE-LTSPICE_R0402
R_CL1,20.37,28.03,0.00,10K,ESP32_WROVER_EAGLE-LTSPICE_R0402
R_RESET,60.25,107.69,90.00,10K,ESP32_WROVER_EAGLE-LTSPICE_R0402
SCK,12.25,32.82,0.00,TPTP20R,TP20R
SENSOR2,131.94,55.93,180.00,ESP32_WROVER_BME680_BME680,ESP32_WROVER_BME680_PSON80P300X300X100-8N
SJ1,68.46,11.79,270.00,,SJ
TX,11.53,75.29,0.00,TPTP20R,TP20R
U1,42.59,53.36,0.00,W25Q512JVEIQ,SON127P600X800X80-9N
U2,16.00,53.54,90.00,ESP32-C6-WROOM-1-N8,XCVR_ESP32-C6-WROOM-1-N8
U3,84.15,53.80,270.00,DS3231SN#,SOIC127P1032X265-16N
U4,134.23,23.32,0.00,MAX17048G+T10,SON50P200X200X80-9N
U5,119.34,51.34,90.00,ESP32_WROVER_SPARKFUN-IC-POWER_MCP73831,ESP32_WROVER_SPARKFUN-IC-POWER_SOT23-5
VBAT,127.45,26.29,0.00,TPTP20R,TP20R
VBUS,113.27,57.41,0.00,TPTP20R,TP20R
